id;version;create_date;expire_date;description
1;with remand;2025-05-23;2025-05-23;warp consequently athwart
2;unibody sometimes;2025-05-22;2025-05-22;state
3;final;2025-05-23;2025-05-23;acclaimed glossy nor
4;instead gah ouch;2025-05-23;2025-05-22;gosh woefully newsprint
5;greedy geez during;2025-05-22;2025-05-23;serenade yet so
6;valiantly pish;2025-05-22;2025-05-22;inborn
7;which although yippee;2025-05-22;2025-05-23;swift but
8;exhaust instead conceptualize;2025-05-22;2025-05-23;despite
9;sedately whereas;2025-05-23;2025-05-22;knotty round
10;and;2025-05-23;2025-05-23;gah where after
