id;version;description;create_date;update_date
1;urgently;../fake-data/blob/hipster.txt;2025-05-05;2025-05-05
2;meh;../fake-data/blob/hipster.txt;2025-05-05;2025-05-05
3;per;../fake-data/blob/hipster.txt;2025-05-05;2025-05-05
4;calculus apud of;../fake-data/blob/hipster.txt;2025-05-05;2025-05-06
5;stale;../fake-data/blob/hipster.txt;2025-05-05;2025-05-05
6;expense;../fake-data/blob/hipster.txt;2025-05-05;2025-05-06
7;arrange gullible;../fake-data/blob/hipster.txt;2025-05-05;2025-05-06
8;beyond;../fake-data/blob/hipster.txt;2025-05-05;2025-05-05
9;um someplace in;../fake-data/blob/hipster.txt;2025-05-06;2025-05-05
10;for;../fake-data/blob/hipster.txt;2025-05-05;2025-05-06
