id;version;create_date;update_date;notes
1;hence roadway;2025-05-05;2025-05-05;../fake-data/blob/hipster.txt
2;briskly incidentally scrap;2025-05-06;2025-05-05;../fake-data/blob/hipster.txt
3;selfishly knowingly;2025-05-05;2025-05-05;../fake-data/blob/hipster.txt
4;arrange politely;2025-05-05;2025-05-05;../fake-data/blob/hipster.txt
5;dishonor before;2025-05-05;2025-05-06;../fake-data/blob/hipster.txt
6;afterwards quiet woot;2025-05-06;2025-05-05;../fake-data/blob/hipster.txt
7;usually cease;2025-05-05;2025-05-05;../fake-data/blob/hipster.txt
8;jet;2025-05-05;2025-05-05;../fake-data/blob/hipster.txt
9;casket snowplow spork;2025-05-05;2025-05-05;../fake-data/blob/hipster.txt
10;before;2025-05-05;2025-05-05;../fake-data/blob/hipster.txt
