id;title;keywords;status;create_date;description
1;overreact;../fake-data/blob/hipster.txt;IN_PROGRESS;2025-05-06;../fake-data/blob/hipster.txt
2;moisten bah;../fake-data/blob/hipster.txt;PENDING;2025-05-05;../fake-data/blob/hipster.txt
3;overheard;../fake-data/blob/hipster.txt;COMPLETED;2025-05-05;../fake-data/blob/hipster.txt
4;lively guard;../fake-data/blob/hipster.txt;PENDING;2025-05-06;../fake-data/blob/hipster.txt
5;festival mostly refine;../fake-data/blob/hipster.txt;PENDING;2025-05-05;../fake-data/blob/hipster.txt
6;taut doubter by;../fake-data/blob/hipster.txt;IN_PROGRESS;2025-05-06;../fake-data/blob/hipster.txt
7;lecture yippee;../fake-data/blob/hipster.txt;COMPLETED;2025-05-05;../fake-data/blob/hipster.txt
8;sudden mortally;../fake-data/blob/hipster.txt;PENDING;2025-05-06;../fake-data/blob/hipster.txt
9;interestingly evil;../fake-data/blob/hipster.txt;COMPLETED;2025-05-05;../fake-data/blob/hipster.txt
10;boo ravage appliance;../fake-data/blob/hipster.txt;PENDING;2025-05-05;../fake-data/blob/hipster.txt
